File,Size_KB
outputs/.DS_Store,6.0
outputs/final_analysis/best_filter_by_noise.csv,0.86
outputs/final_analysis/final_consolidated_analysis.png,69.46
outputs/final_analysis/final_filter_ranking.csv,0.62
outputs/final_analysis/final_project_summary.txt,2.34
outputs/final_analysis/output_inventory.csv,3.28
outputs/histograms/real_photo_coffee_gaussian_sigma_10.png.png,37.54
outputs/histograms/real_photo_coffee_gaussian_sigma_25.png.png,35.79
outputs/histograms/real_photo_coffee_poisson.png.png,39.53
outputs/histograms/real_photo_coffee_salt_pepper_20percent.png.png,37.2
outputs/histograms/real_photo_coffee_salt_pepper_5percent.png.png,37.69
outputs/histograms/real_photo_coffee_speckle.png.png,33.15
outputs/histograms/smooth_moon_gaussian_sigma_10.png.png,34.01
outputs/histograms/smooth_moon_gaussian_sigma_25.png.png,39.82
outputs/histograms/smooth_moon_poisson.png.png,37.0
outputs/histograms/smooth_moon_salt_pepper_20percent.png.png,36.0
outputs/histograms/smooth_moon_salt_pepper_5percent.png.png,33.8
outputs/histograms/smooth_moon_speckle.png.png,32.74
outputs/histograms/strong_edges_camera_gaussian_sigma_10.png.png,36.95
outputs/histograms/strong_edges_camera_gaussian_sigma_25.png.png,39.7
outputs/histograms/strong_edges_camera_poisson.png.png,38.27
outputs/histograms/strong_edges_camera_salt_pepper_20percent.png.png,38.64
outputs/histograms/strong_edges_camera_salt_pepper_5percent.png.png,40.31
outputs/histograms/strong_edges_camera_speckle.png.png,35.98
outputs/histograms/texture_grass_gaussian_sigma_10.png.png,37.47
outputs/histograms/texture_grass_gaussian_sigma_25.png.png,35.89
outputs/histograms/texture_grass_poisson.png.png,36.14
outputs/histograms/texture_grass_salt_pepper_20percent.png.png,37.36
outputs/histograms/texture_grass_salt_pepper_5percent.png.png,38.21
outputs/histograms/texture_grass_speckle.png.png,34.92
outputs/metrics/best_filter_by_mae.csv,0.26
outputs/metrics/best_filter_by_psnr.csv,0.74
outputs/metrics/best_filter_by_ssim.csv,0.27
outputs/metrics/best_filter_overall.csv,0.87
outputs/metrics/filter_composite_scores.csv,5.85
outputs/metrics/filter_results.csv,17.98
outputs/metrics/filter_summary.csv,3.23
outputs/metrics/overall_filter_performance.csv,0.52
outputs/objects/01_blurred.png,58.52
outputs/objects/02_binary_otsu.png,4.48
outputs/objects/03_morphology.png,4.15
outputs/objects/04_detected_objects.png,218.42
outputs/objects/object_measurements.csv,1.38
outputs/shape_analysis/region_shape_descriptors.csv,3.77
outputs/shape_analysis/shape_descriptor_summary.csv,0.43
outputs/shape_analysis/shape_descriptor_visualization.png,21.28
outputs/verification/gaussian_opencv.png,114.74
outputs/verification/gaussian_scratch.png,114.5
outputs/verification/mean_opencv.png,101.63
outputs/verification/mean_scratch.png,102.82
outputs/verification/median_opencv.png,100.36
outputs/verification/median_scratch.png,100.36
outputs/visualizations/01_psnr_comparison.png,70.35
outputs/visualizations/02_ssim_comparison.png,74.42
outputs/visualizations/03_mae_comparison.png,73.0
outputs/visualizations/04_edge_preservation.png,86.23
outputs/visualizations/05_runtime_comparison.png,68.23
outputs/visualizations/06_noise_comparison.png,143.1
outputs/visualizations/08_filter_heatmap.png,118.53
outputs/visualizations/09_final_comparison.png,82.64
outputs/visualizations/final_filter_ranking.csv,0.4
