Image,Noisy_Image,Noise,Filter,MAE,MSE,PSNR,SSIM,Edge_Preservation,Runtime_ms
real_photo_coffee.png,real_photo_coffee_gaussian_sigma_10.png,gaussian_sigma_10,Mean,6.8888750076293945,152.55821228027344,26.296447699841394,0.759682734539057,0.17704735818347822,556.6926669998793
real_photo_coffee.png,real_photo_coffee_gaussian_sigma_10.png,gaussian_sigma_10,Gaussian,5.7006916999816895,91.72054290771484,28.50613744147919,0.8277505523289408,0.45697758496023133,280.328582999573
real_photo_coffee.png,real_photo_coffee_gaussian_sigma_10.png,gaussian_sigma_10,Median,6.349562644958496,138.3249053955078,26.721799790084543,0.7604596475759063,0.3337102366953113,876.676709000094
real_photo_coffee.png,real_photo_coffee_gaussian_sigma_10.png,gaussian_sigma_10,Bilateral,6.398458480834961,113.83065795898438,27.5682111472057,0.7652224396958809,0.32162323453351904,1.6453749994980171
real_photo_coffee.png,real_photo_coffee_gaussian_sigma_25.png,gaussian_sigma_25,Mean,8.439933776855469,176.432861328125,25.66500883448931,0.6811633211613263,0.16019514535929938,552.8390420004143
real_photo_coffee.png,real_photo_coffee_gaussian_sigma_25.png,gaussian_sigma_25,Gaussian,8.23449993133545,135.90469360351562,26.798459050853243,0.6764048220641238,0.44934034385987554,285.02483400006895
real_photo_coffee.png,real_photo_coffee_gaussian_sigma_25.png,gaussian_sigma_25,Median,8.621966361999512,176.10462951660156,25.67309587824618,0.6361116723180686,0.2686478010901217,886.8040829984238
real_photo_coffee.png,real_photo_coffee_gaussian_sigma_25.png,gaussian_sigma_25,Bilateral,7.557979106903076,127.46797180175781,27.076792852518174,0.7260446664721569,0.3229704409009216,0.960625000516302
real_photo_coffee.png,real_photo_coffee_poisson.png,poisson,Mean,6.910208225250244,153.43475341796875,26.271566211493862,0.7610069595979145,0.1693345575026945,556.9229159991664
real_photo_coffee.png,real_photo_coffee_poisson.png,poisson,Gaussian,5.67894983291626,92.49815368652344,28.469472967965245,0.8319963510197466,0.4563378336383412,280.26808300091943
real_photo_coffee.png,real_photo_coffee_poisson.png,poisson,Median,6.325620651245117,141.42689514160156,26.625483538052922,0.764102465480578,0.33544564850575576,884.3798750003771
real_photo_coffee.png,real_photo_coffee_poisson.png,poisson,Bilateral,6.395641803741455,114.64183044433594,27.537372492015102,0.7664952030518187,0.32015605716788087,0.9487500010436634
real_photo_coffee.png,real_photo_coffee_salt_pepper_20percent.png,salt_pepper_20percent,Mean,16.634244918823242,470.27532958984375,21.407281643970247,0.40814487719140813,0.1486441040692164,552.3419159999321
real_photo_coffee.png,real_photo_coffee_salt_pepper_20percent.png,salt_pepper_20percent,Gaussian,17.749475479125977,571.3705444335938,20.56162513200055,0.3398394015295902,0.19164170127121094,286.6358749997744
real_photo_coffee.png,real_photo_coffee_salt_pepper_20percent.png,salt_pepper_20percent,Median,5.59814977645874,143.51390075683594,26.561863919957688,0.7911260821052909,0.35264627945283966,882.2272500001418
real_photo_coffee.png,real_photo_coffee_salt_pepper_20percent.png,salt_pepper_20percent,Bilateral,19.645971298217773,2092.1572265625,14.92486042019374,0.16221499596727712,0.16582664426606933,1.0329579999961425
real_photo_coffee.png,real_photo_coffee_salt_pepper_5percent.png,salt_pepper_5percent,Mean,9.275507926940918,201.61402893066406,25.085596124833344,0.6266445887395788,0.14905388069275177,561.0266670009878
real_photo_coffee.png,real_photo_coffee_salt_pepper_5percent.png,salt_pepper_5percent,Gaussian,8.481208801269531,178.71583557128906,25.609173248898024,0.6125837870379862,0.3940719144800778,294.48312500062457
real_photo_coffee.png,real_photo_coffee_salt_pepper_5percent.png,salt_pepper_5percent,Median,5.257195949554443,132.966552734375,26.893379514024772,0.799551919019001,0.3782060677121501,865.5850409995764
real_photo_coffee.png,real_photo_coffee_salt_pepper_5percent.png,salt_pepper_5percent,Bilateral,8.308891296386719,409.84686279296875,22.004587457759214,0.5051151458530492,0.23849016222000632,0.956832998781465
real_photo_coffee.png,real_photo_coffee_speckle.png,speckle,Mean,8.093387603759766,178.7237091064453,25.608981919599245,0.7056193843282275,0.15645768276082955,557.336416999533
real_photo_coffee.png,real_photo_coffee_speckle.png,speckle,Gaussian,7.56820011138916,134.7996826171875,26.833914912039685,0.7283486781459865,0.44627106319749615,283.96083299958264
real_photo_coffee.png,real_photo_coffee_speckle.png,speckle,Median,7.928874969482422,178.586669921875,25.61231321743299,0.6803762202346652,0.28922809809737393,879.2359580002085
real_photo_coffee.png,real_photo_coffee_speckle.png,speckle,Bilateral,7.365062713623047,136.99813842773438,26.7636569499658,0.7253594793593672,0.3190549873570593,0.9389170008944348
smooth_moon.png,smooth_moon_gaussian_sigma_10.png,gaussian_sigma_10,Mean,2.52783203125,13.788589477539062,36.73560519162893,0.9032696664260763,0.15557217651458488,601.4582080006221
smooth_moon.png,smooth_moon_gaussian_sigma_10.png,gaussian_sigma_10,Gaussian,2.809650421142578,14.015933990478516,36.66458317394821,0.8836076650830469,0.3805157593123209,311.93679200077895
smooth_moon.png,smooth_moon_gaussian_sigma_10.png,gaussian_sigma_10,Median,2.709148406982422,15.199459075927734,36.31252228483656,0.8810728875841856,0.3497917906008328,968.2891250013199
smooth_moon.png,smooth_moon_gaussian_sigma_10.png,gaussian_sigma_10,Bilateral,2.2523117065429688,12.970664978027344,37.00118118871359,0.9114797109484951,0.2059701492537313,1.0335829992982326
smooth_moon.png,smooth_moon_gaussian_sigma_25.png,gaussian_sigma_25,Mean,4.540111541748047,34.958126068115234,32.6953221665639,0.7550103484160707,0.15316642120765833,592.7111250002781
smooth_moon.png,smooth_moon_gaussian_sigma_25.png,gaussian_sigma_25,Gaussian,5.983512878417969,57.157958984375,30.560036484055416,0.6202199211716933,0.35897435897435903,309.9516250003944
smooth_moon.png,smooth_moon_gaussian_sigma_25.png,gaussian_sigma_25,Median,5.378986358642578,47.633480072021484,31.351680489161744,0.6797778151962496,0.28903654485049834,970.2166250008304
smooth_moon.png,smooth_moon_gaussian_sigma_25.png,gaussian_sigma_25,Bilateral,4.104461669921875,29.5406494140625,33.42660322368497,0.7856314238060707,0.1998592540464462,1.1058750005759066
smooth_moon.png,smooth_moon_poisson.png,poisson,Mean,2.628345489501953,14.46224594116211,36.528446181091766,0.8987366927732453,0.16790490341753345,597.3254580003413
smooth_moon.png,smooth_moon_poisson.png,poisson,Gaussian,2.9589920043945312,15.281654357910156,36.28909988328525,0.8733086845069185,0.39303761931499154,312.8389160010556
smooth_moon.png,smooth_moon_poisson.png,poisson,Median,2.845630645751953,16.26761245727539,36.01756543193362,0.8744559010305367,0.3795620437956204,983.6655840008461
smooth_moon.png,smooth_moon_poisson.png,poisson,Bilateral,2.315380096435547,13.217342376708984,36.919362209346,0.9102039496413676,0.19427710843373494,1.0231249998469139
smooth_moon.png,smooth_moon_salt_pepper_20percent.png,salt_pepper_20percent,Mean,9.867752075195312,159.1566162109375,26.11255663721906,0.4244279577058541,0.1097739947167596,609.8512500011566
smooth_moon.png,smooth_moon_salt_pepper_20percent.png,salt_pepper_20percent,Gaussian,13.25728988647461,295.74615478515625,23.42161254115515,0.2599298573696406,0.01321191541904615,305.6516669985285
smooth_moon.png,smooth_moon_salt_pepper_20percent.png,salt_pepper_20percent,Median,1.4645767211914062,10.468940734863281,37.931776196166155,0.9343457630958809,0.36285560923242083,954.4952090000152
smooth_moon.png,smooth_moon_salt_pepper_20percent.png,salt_pepper_20percent,Bilateral,12.670005798339844,678.8342895507812,19.813165894105815,0.1338192327550713,0.010727842878362766,1.019625000481028
smooth_moon.png,smooth_moon_salt_pepper_5percent.png,salt_pepper_5percent,Mean,4.870391845703125,43.455650329589844,31.750341071851807,0.7174197648719632,0.13910574875798437,606.0018330008461
smooth_moon.png,smooth_moon_salt_pepper_5percent.png,salt_pepper_5percent,Gaussian,5.584590911865234,74.51518249511719,29.408355914474885,0.5824440778833614,0.1447103964918692,304.58858299971325
smooth_moon.png,smooth_moon_salt_pepper_5percent.png,salt_pepper_5percent,Median,1.4148178100585938,9.406417846679688,38.39656094040598,0.937046529138634,0.4076502732240437,953.3062909995351
smooth_moon.png,smooth_moon_salt_pepper_5percent.png,salt_pepper_5percent,Bilateral,3.1274490356445312,57.662574768066406,30.521863301241194,0.690263478624308,0.12453233564938536,1.1371670007065404
smooth_moon.png,smooth_moon_speckle.png,speckle,Mean,4.21490478515625,30.74835968017578,33.25258408263774,0.7804162961174391,0.14442013129102843,593.5458340009063
smooth_moon.png,smooth_moon_speckle.png,speckle,Gaussian,5.487831115722656,48.627777099609375,31.26195943560445,0.657729269232644,0.34337031167459064,316.55312499970023
smooth_moon.png,smooth_moon_speckle.png,speckle,Median,4.979724884033203,41.56059646606445,31.943985890650232,0.7097725085676175,0.312939902544667,952.3274999992282
smooth_moon.png,smooth_moon_speckle.png,speckle,Bilateral,3.6815834045410156,24.92026138305664,34.16527767639052,0.8217017995740343,0.16504854368932037,1.0297089993400732
strong_edges_camera.png,strong_edges_camera_gaussian_sigma_10.png,gaussian_sigma_10,Mean,6.7823638916015625,143.6124267578125,26.55888339911183,0.7494515183544948,0.19336046604421034,607.7640410003369
strong_edges_camera.png,strong_edges_camera_gaussian_sigma_10.png,gaussian_sigma_10,Gaussian,5.5514068603515625,79.46957397460938,29.12879476037405,0.8132460865573584,0.42732798079087564,310.9870000007504
strong_edges_camera.png,strong_edges_camera_gaussian_sigma_10.png,gaussian_sigma_10,Median,6.002357482910156,111.31910705566406,27.6651064687778,0.7516437038992944,0.3477289363177563,955.2331659997435
strong_edges_camera.png,strong_edges_camera_gaussian_sigma_10.png,gaussian_sigma_10,Bilateral,5.9194488525390625,97.73275756835938,28.23040208134386,0.7717518590464376,0.37802895102121753,1.030958999763243
strong_edges_camera.png,strong_edges_camera_gaussian_sigma_25.png,gaussian_sigma_25,Mean,8.335517883300781,166.8280792236328,25.908112112954043,0.6547850455414017,0.1954384585135667,602.5494580007944
strong_edges_camera.png,strong_edges_camera_gaussian_sigma_25.png,gaussian_sigma_25,Gaussian,8.024288177490234,121.93580627441406,27.269491065703996,0.6425911207659446,0.4196049012253063,310.692792001646
strong_edges_camera.png,strong_edges_camera_gaussian_sigma_25.png,gaussian_sigma_25,Median,8.334007263183594,151.88870239257812,26.315548889869007,0.6118802165360954,0.3019199206076567,966.5791250008624
strong_edges_camera.png,strong_edges_camera_gaussian_sigma_25.png,gaussian_sigma_25,Bilateral,7.196842193603516,113.48100280761719,27.581571959586686,0.7160534534307818,0.3596626953427201,1.035375000355998
strong_edges_camera.png,strong_edges_camera_poisson.png,poisson,Mean,6.878509521484375,144.74566650390625,26.52474790483035,0.7432743423912843,0.19538994386719213,597.4077089995262
strong_edges_camera.png,strong_edges_camera_poisson.png,poisson,Gaussian,5.689338684082031,81.91395568847656,28.99722462011387,0.8011150787863912,0.4285553934223819,312.7875830014091
strong_edges_camera.png,strong_edges_camera_poisson.png,poisson,Median,6.102626800537109,114.03643798828125,27.560367175250683,0.7453754363356846,0.34749749363769566,959.1303750003135
strong_edges_camera.png,strong_edges_camera_poisson.png,poisson,Bilateral,5.948829650878906,97.35899353027344,28.247042852361623,0.7728301064423146,0.3804141637685741,1.029541999741923
strong_edges_camera.png,strong_edges_camera_salt_pepper_20percent.png,salt_pepper_20percent,Mean,18.307849884033203,532.8214111328125,20.864986924721876,0.36145898771400997,0.16107580907344463,589.2253750007512
strong_edges_camera.png,strong_edges_camera_salt_pepper_20percent.png,salt_pepper_20percent,Gaussian,18.83919906616211,641.4243774414062,20.05934899526965,0.2988964004807182,0.1706355669935173,308.63045799924294
strong_edges_camera.png,strong_edges_camera_salt_pepper_20percent.png,salt_pepper_20percent,Median,5.148521423339844,121.98589324951172,27.267707501777675,0.7879310998713069,0.3320521516316226,941.1208750007063
strong_edges_camera.png,strong_edges_camera_salt_pepper_20percent.png,salt_pepper_20percent,Bilateral,21.415332794189453,2681.7294921875,13.846653927122205,0.1327555348774015,0.148668695321415,1.1334579994581873
strong_edges_camera.png,strong_edges_camera_salt_pepper_5percent.png,salt_pepper_5percent,Mean,9.460868835449219,200.9933319091797,25.098987112239612,0.586062505294769,0.17771745638896652,591.4397500000632
strong_edges_camera.png,strong_edges_camera_salt_pepper_5percent.png,salt_pepper_5percent,Gaussian,8.469440460205078,178.22105407714844,25.62121352921185,0.5654222607867392,0.3466517231717568,309.97287500031234
strong_edges_camera.png,strong_edges_camera_salt_pepper_5percent.png,salt_pepper_5percent,Median,4.829700469970703,107.13430786132812,27.831517926605052,0.7954542328029804,0.3643422655298416,953.6783749990718
strong_edges_camera.png,strong_edges_camera_salt_pepper_5percent.png,salt_pepper_5percent,Bilateral,8.35976791381836,514.70068359375,21.01525615814173,0.42097556429231825,0.20717662746999638,1.0130420014320407
strong_edges_camera.png,strong_edges_camera_speckle.png,speckle,Mean,8.496223449707031,178.93922424316406,25.603748106573395,0.6454777855847627,0.1874975443008133,595.1317500002915
strong_edges_camera.png,strong_edges_camera_speckle.png,speckle,Gaussian,8.243148803710938,143.37405395507812,26.566097956146958,0.6447500712803312,0.4005077329057688,310.86283399963577
strong_edges_camera.png,strong_edges_camera_speckle.png,speckle,Median,8.534381866455078,173.4975128173828,25.737871075475223,0.6073200792552981,0.2947206560738083,960.8040830007667
strong_edges_camera.png,strong_edges_camera_speckle.png,speckle,Bilateral,8.014209747314453,141.0970001220703,26.635625805953552,0.6392574730671382,0.3580667120490129,1.0225419991911622
texture_grass.png,texture_grass_gaussian_sigma_10.png,gaussian_sigma_10,Mean,18.53976821899414,613.488037109375,20.252742623754504,0.5325273129196897,0.165637337294297,603.5771250008111
texture_grass.png,texture_grass_gaussian_sigma_10.png,gaussian_sigma_10,Gaussian,13.124263763427734,322.85418701171875,23.040739378377015,0.7730184325764823,0.5873580996293809,311.1869589993148
texture_grass.png,texture_grass_gaussian_sigma_10.png,gaussian_sigma_10,Median,16.965091705322266,568.92333984375,20.580266099839037,0.5759301008810784,0.34943258125167875,952.8927500014106
texture_grass.png,texture_grass_gaussian_sigma_10.png,gaussian_sigma_10,Bilateral,17.055892944335938,477.8633117675781,21.337766722774944,0.5969253758498728,0.3494442126029061,1.0269590002280893
texture_grass.png,texture_grass_gaussian_sigma_25.png,gaussian_sigma_25,Mean,18.976402282714844,635.7420043945312,20.097994540243644,0.5217301336077518,0.18228801847679985,597.6856659999612
texture_grass.png,texture_grass_gaussian_sigma_25.png,gaussian_sigma_25,Gaussian,14.332771301269531,367.8346252441406,22.474277527557366,0.743648501375619,0.5534081896731644,313.3059169995249
texture_grass.png,texture_grass_gaussian_sigma_25.png,gaussian_sigma_25,Median,18.426406860351562,623.0523681640625,20.185558097964478,0.5395544589516067,0.30499300664575557,964.9502920001396
texture_grass.png,texture_grass_gaussian_sigma_25.png,gaussian_sigma_25,Bilateral,16.75470733642578,464.23529052734375,21.463422090247775,0.632418721987832,0.40375336961934033,1.1144580003019655
texture_grass.png,texture_grass_poisson.png,poisson,Mean,18.55590057373047,614.1650390625,20.247952699825813,0.5326371025907036,0.16837093123097338,606.1373340016871
texture_grass.png,texture_grass_poisson.png,poisson,Gaussian,13.169269561767578,323.9210510253906,23.026411879516292,0.7724440680291669,0.5879234595693693,316.24708399976953
texture_grass.png,texture_grass_poisson.png,poisson,Median,17.0472412109375,569.7166748046875,20.57421430037379,0.5749453412856474,0.34621108299212205,965.4845419991034
texture_grass.png,texture_grass_poisson.png,poisson,Bilateral,17.01193618774414,475.16729736328125,21.36233817496192,0.6000041081437971,0.35277449822904366,1.032290998409735
texture_grass.png,texture_grass_salt_pepper_20percent.png,salt_pepper_20percent,Mean,22.256141662597656,831.1925048828125,18.933787424673838,0.41955504077784406,0.2158381256656017,598.4092079997936
texture_grass.png,texture_grass_salt_pepper_20percent.png,salt_pepper_20percent,Gaussian,20.389629364013672,710.5816650390625,19.614663635619006,0.5601500751613803,0.4284853378972869,314.55950000054145
texture_grass.png,texture_grass_salt_pepper_20percent.png,salt_pepper_20percent,Median,17.052978515625,610.4913330078125,20.274008581129713,0.5675880582001225,0.35834951456310676,973.4582500004763
texture_grass.png,texture_grass_salt_pepper_20percent.png,salt_pepper_20percent,Bilateral,23.421340942382812,1324.930908203125,16.90887129363753,0.3918951460297509,0.3992325143320367,1.1153750001540175
texture_grass.png,texture_grass_salt_pepper_5percent.png,salt_pepper_5percent,Mean,19.376636505126953,659.1712646484375,19.940820940305315,0.5047677648024689,0.17460876183227897,592.3735420001321
texture_grass.png,texture_grass_salt_pepper_5percent.png,salt_pepper_5percent,Gaussian,14.893661499023438,406.50421142578125,22.040153115786513,0.7172993104229098,0.5353534655995139,312.85079100052826
texture_grass.png,texture_grass_salt_pepper_5percent.png,salt_pepper_5percent,Median,16.39960479736328,567.328125,20.59246046843956,0.5844285507979514,0.36867489848346724,957.2341669991147
texture_grass.png,texture_grass_salt_pepper_5percent.png,salt_pepper_5percent,Bilateral,17.650455474853516,559.015380859375,20.656566035531192,0.5666189023947041,0.38472931267013627,1.4099999989412026
texture_grass.png,texture_grass_speckle.png,speckle,Mean,18.97829818725586,635.2447509765625,20.10139275703288,0.5220416100860343,0.1828484295140294,597.930207999525
texture_grass.png,texture_grass_speckle.png,speckle,Gaussian,14.31027603149414,366.2174987792969,22.49341268740241,0.744004043418627,0.554984612192676,318.65429199933715
texture_grass.png,texture_grass_speckle.png,speckle,Median,18.486770629882812,623.9960327148438,20.17898532364218,0.5431884318912044,0.3139190523198421,962.3518750013318
texture_grass.png,texture_grass_speckle.png,speckle,Bilateral,16.851959228515625,469.41064453125,21.415274272696546,0.6290292120604843,0.4013275816231143,1.0403329997643596
