Noise,Filter,MAE,MSE,PSNR,SSIM,Edge_Preservation,Runtime_ms,PSNR_score,SSIM_score,Edge_score,MAE_score,Runtime_score,Composite_Score
gaussian_sigma_10,Bilateral,7.906527996063232,175.5993480682373,28.534390285009522,0.7613448463851716,0.31376663685284345,1.1842189996968955,0.9382276323220617,0.8981632286995377,0.5036353488080496,0.9111387235717268,0.9998138178684506,0.8501957502539653
gaussian_sigma_10,Gaussian,6.796503186225891,127.01505947113037,29.335063688544615,0.8244056841364571,0.4630448561732022,303.6098335001043,1.0,1.0,0.9888869291041918,1.0,0.6805155973476648,0.9338805052903713
gaussian_sigma_10,Mean,8.684709787368774,230.86181640625,27.460919728584166,0.7362328080598295,0.17290433450914258,592.3730102504123,0.8554088230420535,0.8576098679289036,0.04574098801222996,0.8488426139210031,0.37564205467299727,0.5966488695154375
gaussian_sigma_10,Median,8.006540060043335,208.4417028427124,27.819923660884484,0.7422765849851162,0.34516588621639477,938.272937500642,0.8831061623141815,0.8673699464574968,0.6057033895654057,0.903132416339008,0.010444049101551799,0.6539511927555288
gaussian_sigma_25,Bilateral,8.903497576713562,183.6812286376953,27.387097531509404,0.7150370664242103,0.32156143997735703,1.054083250437543,0.8497134023120011,0.8233809237781222,0.5289735431641212,0.8313279042894708,0.9999512140120719,0.8066693975111573
gaussian_sigma_25,Gaussian,9.143768072128296,170.70827102661133,26.775566032042505,0.6707160913443452,0.4453319484331763,304.7437920004086,0.8025334304721415,0.7518071045272083,0.9313084256117196,0.8120934306800607,0.6793183742490535,0.7954121531080368
gaussian_sigma_25,Mean,10.072991371154785,253.49026775360107,26.091609413562725,0.6531722121816377,0.17277201088933103,586.446322750362,0.7497658231981221,0.7234755429158314,0.04531084993906429,0.7377059325749646,0.38189939757523444,0.5276315092406434
gaussian_sigma_25,Median,10.190341711044312,249.66979503631592,25.88147083881035,0.6168310407505051,0.29114931829850804,947.1375312500641,0.733553523344512,0.6647882863586079,0.4301143112412803,0.7283116371507001,0.0010848914306451553,0.5115705299051491
poisson,Bilateral,7.917946934700012,175.0963659286499,28.516528932171163,0.7623833418198245,0.31190545689980836,1.0084269997605588,0.9368496197018285,0.8998402920854133,0.49758529999625617,0.9102245985416123,0.9999994174673938,0.8488998455585008
poisson,Gaussian,6.8741375207901,128.4037036895752,29.195552337720166,0.8197160455855558,0.46646357648627096,305.5354165007884,0.9892366270437807,0.9924267157617923,1.0,0.9937851064202374,0.6784825842822894,0.9307862067016199
poisson,Mean,8.74324095249176,231.70192623138428,27.39317824931045,0.733913774338287,0.17525008400459832,589.4483542501803,0.8501825328389968,0.8538648668290096,0.05336620389992736,0.8441569942865873,0.3787298799488165,0.5960600955606675
poisson,Median,8.08027982711792,210.36190509796143,27.694407611402752,0.7397197860331117,0.35217906723279846,948.16509400016,0.8734225341034337,0.8632409789489542,0.6285008022529823,0.8972292961855661,0.0,0.6524787222981873
salt_pepper_20percent,Bilateral,19.28816270828247,1694.4129791259766,16.37338788376482,0.2051712274073752,0.18111392419947092,1.0753540000223438,0.0,0.0,0.07242750925392219,0.0,0.9999287565476048,0.2144712531603054
salt_pepper_20percent,Gaussian,17.558898448944092,554.7806854248047,20.91431257601109,0.3647039336353323,0.2009936303952653,303.8693749995218,0.350334691334568,0.2576289230910053,0.13704952103335002,0.138433508877264,0.6802415757868515,0.3127376440246078
salt_pepper_20percent,Mean,16.766497135162354,498.36146545410156,21.829653157646256,0.40339671584727904,0.15883300838125558,587.4569372504084,0.42095369117852516,0.3201137893504341,0.0,0.20186793985759865,0.380832399953256,0.2647535640679628
salt_pepper_20percent,Median,7.316056609153748,221.61501693725586,28.008839049757807,0.7702477508181502,0.3514758887199974,937.8253960003349,0.8976810823876844,0.9125405042794619,0.6262150134344895,0.9584079743759844,0.010916559357977433,0.6811522267671195
salt_pepper_5percent,Bilateral,9.361640930175781,385.30637550354004,23.549568238168334,0.5457432727910949,0.23873210950238102,1.1292604999653122,0.5536460302268321,0.5499888478149103,0.2597241932532869,0.7946519644230925,0.9998718425539448,0.6315765756544133
salt_pepper_5percent,Gaussian,9.35722541809082,209.48907089233398,25.669723952092816,0.6194373590327491,0.35519687493580443,305.4738435002946,0.7172171413899926,0.6689972224956747,0.6383106456687243,0.795005441243139,0.6785475924976889,0.6996156086590439
salt_pepper_5percent,Mean,10.745851278305054,276.3085689544678,25.46893631230752,0.608723655927195,0.16012146191799534,587.7104480005073,0.7017262710110826,0.6516956931813243,0.004188314395011361,0.6838411993934208,0.38056474560286907,0.4844032447167416
salt_pepper_5percent,Median,6.975329756736755,204.2088508605957,28.42847971236884,0.7791203079396417,0.37971837623737564,932.4509684993245,0.9300565768014766,0.9268687720705632,0.7180215191772384,0.9856843223916638,0.01659083116271661,0.7154444043207318
speckle,Bilateral,8.978203773498535,193.10651111602783,27.244958676251603,0.703836991015256,0.3108744561796267,1.0078752497975074,0.8387473160282054,0.8052939531852463,0.49423387518001455,0.8253474181376457,1.0,0.7927245125062223
speckle,Gaussian,8.902364015579224,173.25475311279297,26.788846247798375,0.6937080155193972,0.43628342999263287,307.50777099956395,0.8035580059943107,0.7889366988597005,0.9018948387361313,0.8314186497290449,0.6764001902934881,0.8004416767225351
speckle,Mean,9.945703506469727,255.9140110015869,26.141676716460815,0.6633887690291159,0.16780594696667517,585.986052250064,0.7536285415419667,0.7399742321222494,0.029167903049077064,0.7478957607927691,0.3823853469943872,0.53061035690009
speckle,Median,9.982438087463379,254.4102029800415,25.868288876800158,0.6351643099871963,0.3027019272589228,938.6798540003838,0.7325365281496983,0.6943946318025147,0.46766782561268394,0.7449550321466841,0.010014430352218238,0.5299136896127599
