Noise,Filter,MAE,MSE,PSNR,SSIM,Edge_Preservation,Runtime_ms
gaussian_sigma_10,Bilateral,7.906527996063232,175.5993480682373,28.534390285009522,0.7613448463851716,0.31376663685284345,1.1597084994718898
gaussian_sigma_10,Gaussian,6.796503186225891,127.01505947113037,29.335063688544615,0.8244056841364571,0.4630448561732022,307.1977602494371
gaussian_sigma_10,Mean,8.684709787368774,230.86181640625,27.460919728584166,0.7362328080598295,0.17290433450914258,598.205749999579
gaussian_sigma_10,Median,8.006540060043335,208.4417028427124,27.819923660884484,0.7422765849851162,0.34516588621639477,940.9071872514687
gaussian_sigma_25,Bilateral,8.903497576713562,183.6812286376953,27.387097531509404,0.7150370664242103,0.32156143997735703,0.9996980006690137
gaussian_sigma_25,Gaussian,9.143768072128296,170.70827102661133,26.775566032042505,0.6707160913443452,0.4453319484331763,302.7761562498199
gaussian_sigma_25,Mean,10.072991371154785,253.49026775360107,26.091609413562725,0.6531722121816377,0.17277201088933103,597.3141769991344
gaussian_sigma_25,Median,10.190341711044312,249.66979503631592,25.88147083881035,0.6168310407505051,0.29114931829850804,942.8351872511485
poisson,Bilateral,7.917946934700012,175.0963659286499,28.516528932171163,0.7623833418198245,0.31190545689980836,0.9996354992836132
poisson,Gaussian,6.8741375207901,128.4037036895752,29.195552337720166,0.8197160455855558,0.46646357648627096,304.03039599877957
poisson,Mean,8.74324095249176,231.70192623138428,27.39317824931045,0.733913774338287,0.17525008400459832,595.0290937489626
poisson,Median,8.08027982711792,210.36190509796143,27.694407611402752,0.7397197860331117,0.35217906723279846,944.4471039996643
salt_pepper_20percent,Bilateral,19.28816270828247,1694.4129791259766,16.37338788376482,0.2051712274073752,0.18111392419947092,1.0030207495219656
salt_pepper_20percent,Gaussian,17.558898448944092,554.7806854248047,20.91431257601109,0.3647039336353323,0.2009936303952653,309.8830522503704
salt_pepper_20percent,Mean,16.766497135162354,498.36146545410156,21.829653157646256,0.40339671584727904,0.15883300838125558,596.4563227498729
salt_pepper_20percent,Median,7.316056609153748,221.61501693725586,28.008839049757807,0.7702477508181502,0.3514758887199974,937.7771357503661
salt_pepper_5percent,Bilateral,9.361640930175781,385.30637550354004,23.549568238168334,0.5457432727910949,0.23873210950238102,1.0094684994328418
salt_pepper_5percent,Gaussian,9.35722541809082,209.48907089233398,25.669723952092816,0.6194373590327491,0.35519687493580443,312.6706772509351
salt_pepper_5percent,Mean,10.745851278305054,276.3085689544678,25.46893631230752,0.608723655927195,0.16012146191799534,597.535301998505
salt_pepper_5percent,Median,6.975329756736755,204.2088508605957,28.42847971236884,0.7791203079396417,0.37971837623737564,934.5727812506084
speckle,Bilateral,8.978203773498535,193.10651111602783,27.244958676251603,0.703836991015256,0.3108744561796267,1.0184894999838434
speckle,Gaussian,8.902364015579224,173.25475311279297,26.788846247798375,0.6937080155193972,0.43628342999263287,305.74506249922706
speckle,Mean,9.945703506469727,255.9140110015869,26.141676716460815,0.6633887690291159,0.16780594696667517,593.2703544995093
speckle,Median,9.982438087463379,254.4102029800415,25.868288876800158,0.6351643099871963,0.3027019272589228,946.3853644983828
