Object_ID,Area,Perimeter,Circularity,BoundingBox_X,BoundingBox_Y,Width,Height,Aspect_Ratio,Extent,Solidity,Equivalent_Diameter,Centroid_X,Centroid_Y
1,1430.0,141.88224959373474,0.8926675957956058,335,248,46,41,1.1219512195121952,0.7582184517497349,0.9838321293429653,42.67004275802032,358.12086247086245,267.9996503496503
2,1326.5,137.29646337032318,0.884297541545913,92,246,44,41,1.0731707317073171,0.7353104212860311,0.9782448377581121,41.09686430971581,113.68664405076014,265.8568915692926
3,1654.5,153.78174459934235,0.8791582755616155,220,241,49,46,1.065217391304348,0.7340283939662822,0.9816078315040048,45.897438128552736,244.17810013095595,263.2777274100937
4,1877.5,162.95331728458405,0.888512204941501,276,240,51,48,1.0625,0.766952614379085,0.983756877128635,48.89281384048445,300.92028406569017,263.1776298268975
5,2082.0,176.0243855714798,0.8443935652782032,144,237,57,50,1.14,0.7305263157894737,0.9692737430167597,51.48674326599624,172.126320845341,260.90265770092856
6,2344.0,182.5096663236618,0.884292067433715,18,233,57,55,1.0363636363636364,0.7476874003189793,0.9821914938194009,54.630334914397345,45.928754266211605,259.8254408418657
7,1116.5,125.9827550649643,0.8839880382810835,135,179,39,38,1.0263157894736843,0.7533738191632928,0.9824021117465904,37.70373922698927,154.01821167338406,197.6684579788028
8,1058.0,123.74011409282684,0.8683094098395754,25,179,38,37,1.027027027027027,0.7524893314366998,0.9746660525103639,36.70268979693181,43.34420289855072,196.8338059231254
9,1439.5,141.63960909843445,0.901679288790601,80,175,44,42,1.0476190476190477,0.7789502164502164,0.9869729173808708,42.811544291770964,101.66782447609123,195.44158851453048
10,1451.0,149.88224983215332,0.811665094130514,251,172,46,45,1.0222222222222221,0.7009661835748793,0.9657237936772046,42.982212360588434,273.9501493223064,193.60820124052378
11,1659.0,152.71067667007446,0.893958682867214,189,171,48,45,1.0666666666666667,0.7680555555555556,0.9839857651245552,45.95981293168669,212.41772151898735,193.17611010648983
12,2991.0,208.16652083396912,0.8673702248378546,315,156,65,61,1.0655737704918034,0.7543505674653216,0.9796921061251228,61.71109688137841,347.54324083361195,186.09372562130835
13,1089.5,124.8111822605133,0.8788810581776374,133,109,41,36,1.1388888888888888,0.7381436314363143,0.9806480648064807,37.24505986018763,153.46902248737953,127.20452807098056
14,1117.0,125.39696872234344,0.8926659323240779,83,107,39,38,1.0263157894736843,0.7537112010796221,0.9828420589529256,37.71218067772237,102.14368845120859,125.42882721575648
15,1129.5,129.6396096944809,0.8445408667228442,317,105,40,40,1.0,0.7059375,0.9691119691119691,37.92260626299788,336.5027298214549,124.60646303674191
16,1191.5,130.1248903274536,0.8842664703567745,185,105,42,40,1.05,0.7092261904761905,0.9818706221672847,38.94951755223608,205.30395859560778,123.85340607077912
17,1351.0,139.53910386562347,0.8719134034892663,24,103,44,43,1.0232558139534884,0.7140591966173362,0.9768618944323934,41.47465038957176,44.761411300271405,124.20639032815197
18,1836.0,161.1959582567215,0.887920829734978,245,96,51,48,1.0625,0.75,0.9823434991974318,48.34943437242838,270.70633623819896,119.10693536673928
19,1210.0,131.05382323265076,0.885310966760147,255,33,42,39,1.0769230769230769,0.7387057387057387,0.981346309813463,39.25073055536097,276.04035812672174,52.254683195592285
20,1611.5,149.29646372795105,0.9085338896823747,192,30,48,43,1.1162790697674418,0.780765503875969,0.9895609456555112,45.29708077062709,215.20333023063395,51.04271382769676
21,2582.0,191.33809411525726,0.8862642160575633,305,15,60,57,1.0526315789473684,0.7549707602339182,0.9849322906732787,57.336763987045785,334.67725277562613,43.206687322489024
22,13157.0,1003.5878744125366,0.16415568505860673,0,0,322,77,4.181818181818182,0.5306525772364281,0.7316761205650094,129.4295665220298,105.79925768285577,30.71375186846039
