Object_ID,Area,Perimeter,Centroid_X,Centroid_Y,Width,Height,Circularity
1,1430.0,141.88224959373474,358,267,46,41,0.8926675957956058
2,1326.5,137.29646337032318,113,265,44,41,0.884297541545913
3,1654.5,153.78174459934235,244,263,49,46,0.8791582755616155
4,1877.5,162.95331728458405,300,263,51,48,0.888512204941501
5,2082.0,176.0243855714798,172,260,57,50,0.8443935652782032
6,2344.0,182.5096663236618,45,259,57,55,0.884292067433715
7,1116.5,125.9827550649643,154,197,39,38,0.8839880382810835
8,1058.0,123.74011409282684,43,196,38,37,0.8683094098395754
9,1439.5,141.63960909843445,101,195,44,42,0.901679288790601
10,1451.0,149.88224983215332,273,193,46,45,0.811665094130514
11,1659.0,152.71067667007446,212,193,48,45,0.893958682867214
12,2991.0,208.16652083396912,347,186,65,61,0.8673702248378546
13,1089.5,124.8111822605133,153,127,41,36,0.8788810581776374
14,1117.0,125.39696872234344,102,125,39,38,0.8926659323240779
15,1129.5,129.6396096944809,336,124,40,40,0.8445408667228442
16,1191.5,130.1248903274536,205,123,42,40,0.8842664703567745
17,1351.0,139.53910386562347,44,124,44,43,0.8719134034892663
18,1836.0,161.1959582567215,270,119,51,48,0.887920829734978
19,1210.0,131.05382323265076,276,52,42,39,0.885310966760147
20,1611.5,149.29646372795105,215,51,48,43,0.9085338896823747
21,2582.0,191.33809411525726,334,43,60,57,0.8862642160575633
22,13157.0,1003.5878744125366,105,30,322,77,0.16415568505860673
